{"cameraMode":{"drawMode":0,"name":"Shaded","section":"Shading Mode"},"sceneLighting":true,"audioPlay":false,"sceneViewState":{"showFog":true,"showMaterialUpdate":true,"showSkybox":false,"showFlares":true,"showImageEffects":true,"showParticleSystems":true},"in2DMode":false,"pivot":{"x":9.576118469238282,"y":1.473068118095398,"z":9.285009384155274},"rotation":{"x":-0.21743899583816529,"y":-0.4499252438545227,"z":0.11411581933498383,"w":-0.8586930632591248},"size":7.704292297363281,"orthographic":false}