{"cameraMode":{"drawMode":0,"name":"Shaded","section":"Shading Mode"},"sceneLighting":true,"audioPlay":false,"sceneViewState":{"showFog":true,"showMaterialUpdate":true,"showSkybox":false,"showFlares":true,"showImageEffects":true,"showParticleSystems":true},"in2DMode":false,"pivot":{"x":-1.1496105194091797,"y":-5.762369155883789,"z":5.531939506530762},"rotation":{"x":-0.26847344636917117,"y":0.33115696907043459,"z":-0.09872884303331375,"w":-0.8992156982421875},"size":14.341790199279786,"orthographic":false}